Event,Device,SN,When,Best_Lat,Best_Lon,AQI,AQI_Algorithm,AQI_Level,C00_30,C00_50,C01_00,C02_50,C05_00,CSamples,CSecs,Humidity,PM01_0,PM01_0_Rstd,PM01_0cf1,PM02_5,PM02_5_Rstd,PM02_5cf1,PM10_0,PM10_0_Rstd,PM10_0cf1,Pressure,Sensor,Temperature,Voltage
e98583d6-16d0-446b-8970-e28aba0879bd,dev:864475046544853,Ablekuma_North_Odorkor_Lorry_Station,2023-06-03T12:51:33.000Z,5.5814275,-0.26401171874999996,1,cf-atm,good,76,21,1,,,63,60,57.62837,0.20634921,1.9765625,0.20634921,0.25396827,1.7275391,0.25396827,0.25396827,1.7275391,0.25396827,101062.14,pms7003,32.923096,4.1914062
